MatrixSize;Nthreads;Time;SpmvTime;DotTime;LinCombTime;Residual;Error
1000000;8;0.526859;0.252676;0.0273538;0.0214361;3.16271e-12;8.18587e-13
1000000;4;0.854493;0.480208;0.0440197;0.045404;3.16073e-12;8.18265e-13
1000000;2;1.91693;1.31263;0.0813929;0.0986161;3.16067e-12;8.18286e-13
1000000;1;3.28879;2.31854;0.155948;0.169288;3.16216e-12;8.18254e-13
1000000;16;0.395577;0.163507;0.0137381;0.0207901;3.16143e-12;8.18268e-13
1000000;32;0.287085;0.0665675;0.00983998;0.00888303;3.16144e-12;8.18506e-13
