MatrixSize;Nthreads;Time;Residual;Error
1000;8;0.00320596;5.86387e-13;2.17553e-13
1000;8;0.00339049;5.86634e-13;2.17409e-13
1000;8;0.00316996;5.86958e-13;2.17379e-13
