MatrixSize;Nthreads;Time;Residual;Error
1000;8;0.00384692;5.8666e-13;2.17441e-13
1000;8;0.00305575;5.85305e-13;2.17339e-13
1000;8;0.00423031;5.86863e-13;2.17394e-13
1000;8;0.00327992;5.86938e-13;2.17384e-13
