Time;Nthreads;RunType;Size
1.90735e-06;1;problem;1000
0.00316095;2;problem;1000
0.000146151;4;problem;1000
0.0853338;8;problem;1000
0.20658;16;problem;1000
0.524163;32;problem;1000
1.90735e-06;1;problem;5000
0.000759125;2;problem;5000
0.00198698;4;problem;5000
2.86102e-06;1;problem;10000
0.000773191;2;problem;10000
