Time;Nthreads;RunType;Size
0.016372;2;normal;1000
0.0264082;4;normal;1000
0.140539;8;normal;1000
0.842712;16;normal;1000
2.79231;32;normal;1000
0.09919;2;normal;5000
0.366361;4;normal;5000
3.10781;8;normal;5000
13.4636;16;normal;5000
0.394203;2;normal;10000
